"county","vfloor","radon","log_radon","log_uranium","uranium"
AITKIN,1,2.2,0.78845736036427,0.502054,-0.6890475953545
AITKIN,0,2.2,0.78845736036427,0.502054,-0.6890475953545
AITKIN,0,2.9,1.06471073699243,0.502054,-0.6890475953545
AITKIN,0,1,0,0.502054,-0.6890475953545
ANOKA,0,3.1,1.1314021114911,0.428565,-0.847312860499705
ANOKA,0,2.5,0.916290731874155,0.428565,-0.847312860499705
ANOKA,0,1.5,0.405465108108164,0.428565,-0.847312860499705
ANOKA,0,1,0,0.428565,-0.847312860499705
ANOKA,0,0.7,-0.356674943938732,0.428565,-0.847312860499705
ANOKA,0,1.2,0.182321556793955,0.428565,-0.847312860499705
ANOKA,0,1.2,0.182321556793955,0.428565,-0.847312860499705
ANOKA,0,1.3,0.262364264467491,0.428565,-0.847312860499705
ANOKA,0,1.4,0.336472236621213,0.428565,-0.847312860499705
ANOKA,0,0.4,-0.916290731874155,0.428565,-0.847312860499705
ANOKA,0,1.1,0.0953101798043249,0.428565,-0.847312860499705
ANOKA,0,4.5,1.50407739677627,0.428565,-0.847312860499705
ANOKA,0,1.3,0.262364264467491,0.428565,-0.847312860499705
ANOKA,0,2.1,0.741937344729377,0.428565,-0.847312860499705
ANOKA,0,5.9,1.77495235091167,0.428565,-0.847312860499705
ANOKA,0,3.3,1.19392246847243,0.428565,-0.847312860499705
ANOKA,0,1.8,0.587786664902119,0.428565,-0.847312860499705
ANOKA,0,5.4,1.68639895357023,0.428565,-0.847312860499705
ANOKA,0,6.3,1.84054963339749,0.428565,-0.847312860499705
ANOKA,0,1.9,0.641853886172395,0.428565,-0.847312860499705
ANOKA,0,6.6,1.88706964903238,0.428565,-0.847312860499705
ANOKA,0,3.1,1.1314021114911,0.428565,-0.847312860499705
ANOKA,0,6.8,1.91692261218206,0.428565,-0.847312860499705
ANOKA,0,7,1.94591014905531,0.428565,-0.847312860499705
ANOKA,0,7.7,2.04122032885964,0.428565,-0.847312860499705
ANOKA,0,5.2,1.64865862558738,0.428565,-0.847312860499705
ANOKA,0,4.5,1.50407739677627,0.428565,-0.847312860499705
ANOKA,0,4.4,1.48160454092422,0.428565,-0.847312860499705
ANOKA,0,2.8,1.02961941718116,0.428565,-0.847312860499705
ANOKA,0,8.1,2.09186406167839,0.428565,-0.847312860499705
ANOKA,0,1.6,0.470003629245736,0.428565,-0.847312860499705
ANOKA,0,4.2,1.43508452528932,0.428565,-0.847312860499705
ANOKA,0,5.4,1.68639895357023,0.428565,-0.847312860499705
ANOKA,0,4,1.38629436111989,0.428565,-0.847312860499705
ANOKA,0,2.3,0.832909122935104,0.428565,-0.847312860499705
ANOKA,0,2.9,1.06471073699243,0.428565,-0.847312860499705
ANOKA,0,1.4,0.336472236621213,0.428565,-0.847312860499705
ANOKA,0,3.3,1.19392246847243,0.428565,-0.847312860499705
ANOKA,0,2.9,1.06471073699243,0.428565,-0.847312860499705
ANOKA,1,1.8,0.587786664902119,0.428565,-0.847312860499705
ANOKA,1,0.2,-1.6094379124341,0.428565,-0.847312860499705
ANOKA,0,2.4,0.8754687373539,0.428565,-0.847312860499705
ANOKA,1,1.1,0.0953101798043249,0.428565,-0.847312860499705
ANOKA,0,2.2,0.78845736036427,0.428565,-0.847312860499705
ANOKA,0,0.6,-0.510825623765991,0.428565,-0.847312860499705
ANOKA,0,1.7,0.53062825106217,0.428565,-0.847312860499705
ANOKA,0,2.9,1.06471073699243,0.428565,-0.847312860499705
ANOKA,0,2.2,0.78845736036427,0.428565,-0.847312860499705
ANOKA,0,1.7,0.53062825106217,0.428565,-0.847312860499705
ANOKA,0,1.4,0.336472236621213,0.428565,-0.847312860499705
ANOKA,0,1.9,0.641853886172395,0.428565,-0.847312860499705
ANOKA,0,1.8,0.587786664902119,0.428565,-0.847312860499705
BECKER,1,1.2,0.182321556793955,0.892741,-0.11345877376814
BECKER,0,4.3,1.45861502269952,0.892741,-0.11345877376814
BECKER,1,4.5,1.50407739677627,0.892741,-0.11345877376814
BELTRAMI,0,6.3,1.84054963339749,0.552472,-0.593352525607471
BELTRAMI,0,4.6,1.52605630349505,0.552472,-0.593352525607471
BELTRAMI,0,5.7,1.7404661748405,0.552472,-0.593352525607471
BELTRAMI,1,2.2,0.78845736036427,0.552472,-0.593352525607471
BELTRAMI,1,0.4,-0.916290731874155,0.552472,-0.593352525607471
BELTRAMI,1,4.6,1.52605630349505,0.552472,-0.593352525607471
BELTRAMI,1,4.4,1.48160454092422,0.552472,-0.593352525607471
BENTON,0,6.6,1.88706964903238,0.866849,-0.142890481153028
BENTON,0,2.7,0.993251773010283,0.866849,-0.142890481153028
BENTON,1,2.9,1.06471073699243,0.866849,-0.142890481153028
BENTON,0,2.9,1.06471073699243,0.866849,-0.142890481153028
BIG STONE,0,7.2,1.97408102602201,1.47264,0.387056708424809
BIG STONE,0,5,1.6094379124341,1.47264,0.387056708424809
BIG STONE,0,2.6,0.955511445027436,1.47264,0.387056708424809
BLUE EARTH,0,5,1.6094379124341,1.31208,0.271613664272716
BLUE EARTH,0,13,2.56494935746154,1.31208,0.271613664272716
BLUE EARTH,0,7.2,1.97408102602201,1.31208,0.271613664272716
BLUE EARTH,0,6.8,1.91692261218206,1.31208,0.271613664272716
BLUE EARTH,0,12.8,2.54944517092557,1.31208,0.271613664272716
BLUE EARTH,1,5.8,1.75785791755237,1.31208,0.271613664272716
BLUE EARTH,0,9.5,2.2512917986065,1.31208,0.271613664272716
BLUE EARTH,0,6,1.79175946922805,1.31208,0.271613664272716
BLUE EARTH,0,3.8,1.33500106673234,1.31208,0.271613664272716
BLUE EARTH,1,14.3,2.66025953726586,1.31208,0.271613664272716
BLUE EARTH,0,1.8,0.587786664902119,1.31208,0.271613664272716
BLUE EARTH,0,6.9,1.93152141160321,1.31208,0.271613664272716
BLUE EARTH,0,4.7,1.54756250871601,1.31208,0.271613664272716
BLUE EARTH,0,9.5,2.2512917986065,1.31208,0.271613664272716
BROWN,1,2.5,0.916290731874155,1.31993,0.277578704889093
BROWN,0,6.7,1.90210752639692,1.31993,0.277578704889093
BROWN,1,4,1.38629436111989,1.31993,0.277578704889093
BROWN,0,10.1,2.31253542384721,1.31993,0.277578704889093
CARLTON,0,2.2,0.78845736036427,0.717261,-0.332315487884133
CARLTON,0,1.8,0.587786664902119,0.717261,-0.332315487884133
CARLTON,0,3.4,1.22377543162212,0.717261,-0.332315487884133
CARLTON,1,5.6,1.7227665977411,0.717261,-0.332315487884133
CARLTON,0,4.3,1.45861502269952,0.717261,-0.332315487884133
CARLTON,0,3.9,1.3609765531356,0.717261,-0.332315487884133
CARLTON,0,1.3,0.262364264467491,0.717261,-0.332315487884133
CARLTON,0,4.2,1.43508452528932,0.717261,-0.332315487884133
CARLTON,0,0.8,-0.22314355131421,0.717261,-0.332315487884133
CARLTON,0,2,0.693147180559945,0.717261,-0.332315487884133
CARVER,0,1.6,0.470003629245736,1.10061,0.0958645715553609
CARVER,0,12.9,2.55722731136763,1.10061,0.0958645715553609
CARVER,1,14.7,2.68784749378469,1.10061,0.0958645715553609
CARVER,1,4.7,1.54756250871601,1.10061,0.0958645715553609
CARVER,0,9.6,2.26176309847379,1.10061,0.0958645715553609
CARVER,1,0,-2.30258509299405,1.10061,0.0958645715553609
CASS,0,3.7,1.30833281965018,0.544319,-0.608219806930943
CASS,0,7.4,2.00148000021012,0.544319,-0.608219806930943
CASS,0,1.9,0.641853886172395,0.544319,-0.608219806930943
CASS,0,5.3,1.66770682055808,0.544319,-0.608219806930943
CASS,0,4,1.38629436111989,0.544319,-0.608219806930943
CHIPPEWA,0,7.7,2.04122032885964,1.3148,0.273684562807927
CHIPPEWA,0,1.4,0.336472236621213,1.3148,0.273684562807927
CHIPPEWA,0,10,2.30258509299405,1.3148,0.273684562807927
CHIPPEWA,0,9.4,2.24070968927596,1.3148,0.273684562807927
CHISAGO,0,0.8,-0.22314355131421,0.479352,-0.735320087151157
CHISAGO,0,4.4,1.48160454092422,0.479352,-0.735320087151157
CHISAGO,0,5,1.6094379124341,0.479352,-0.735320087151157
CHISAGO,0,2.1,0.741937344729377,0.479352,-0.735320087151157
CHISAGO,0,1.7,0.53062825106217,0.479352,-0.735320087151157
CHISAGO,0,8.1,2.09186406167839,0.479352,-0.735320087151157
CLAY,1,0.9,-0.105360515657826,1.41027,0.343781175420031
CLAY,0,12.9,2.55722731136763,1.41027,0.343781175420031
CLAY,0,2.6,0.955511445027436,1.41027,0.343781175420031
CLAY,1,3.5,1.25276296849537,1.41027,0.343781175420031
CLAY,0,26.6,3.28091121578765,1.41027,0.343781175420031
CLAY,0,1.5,0.405465108108164,1.41027,0.343781175420031
CLAY,0,13,2.56494935746154,1.41027,0.343781175420031
CLAY,0,8.8,2.17475172148416,1.41027,0.343781175420031
CLAY,0,19.5,2.9704144655697,1.41027,0.343781175420031
CLAY,1,2.5,0.916290731874155,1.41027,0.343781175420031
CLAY,0,9,2.19722457733622,1.41027,0.343781175420031
CLAY,0,13.1,2.57261223020711,1.41027,0.343781175420031
CLAY,0,3.6,1.28093384546206,1.41027,0.343781175420031
CLAY,1,6.9,1.93152141160321,1.41027,0.343781175420031
CLEARWATER,1,4.8,1.56861591791385,0.941896,-0.0598604138977053
CLEARWATER,0,3.4,1.22377543162212,0.941896,-0.0598604138977053
CLEARWATER,1,0.9,-0.105360515657826,0.941896,-0.0598604138977053
CLEARWATER,0,3.4,1.22377543162212,0.941896,-0.0598604138977053
COOK,0,2.7,0.993251773010283,0.603508,-0.504995982525783
COOK,0,1.4,0.336472236621213,0.603508,-0.504995982525783
COTTONWOOD,0,6.8,1.91692261218206,1.40433,0.339560320720446
COTTONWOOD,1,11.1,2.40694510831829,1.40433,0.339560320720446
COTTONWOOD,1,0,-2.30258509299405,1.40433,0.339560320720446
COTTONWOOD,1,2.5,0.916290731874155,1.40433,0.339560320720446
CROW WING,0,1.8,0.587786664902119,0.530789,-0.633390700175141
CROW WING,0,1.6,0.470003629245736,0.530789,-0.633390700175141
CROW WING,1,1,0,0.530789,-0.633390700175141
CROW WING,0,0.9,-0.105360515657826,0.530789,-0.633390700175141
CROW WING,0,2.9,1.06471073699243,0.530789,-0.633390700175141
CROW WING,0,4.4,1.48160454092422,0.530789,-0.633390700175141
CROW WING,0,1.5,0.405465108108164,0.530789,-0.633390700175141
CROW WING,0,4.1,1.41098697371026,0.530789,-0.633390700175141
CROW WING,1,2.5,0.916290731874155,0.530789,-0.633390700175141
CROW WING,1,6.7,1.90210752639692,0.530789,-0.633390700175141
CROW WING,0,4.3,1.45861502269952,0.530789,-0.633390700175141
CROW WING,0,5.5,1.70474809223843,0.530789,-0.633390700175141
DAKOTA,0,3.6,1.28093384546206,0.976144,-0.0241451624685385
DAKOTA,0,2.8,1.02961941718116,0.976144,-0.0241451624685385
DAKOTA,0,14.6,2.68102152871429,0.976144,-0.0241451624685385
DAKOTA,0,6.7,1.90210752639692,0.976144,-0.0241451624685385
DAKOTA,0,8,2.07944154167984,0.976144,-0.0241451624685385
DAKOTA,0,2.6,0.955511445027436,0.976144,-0.0241451624685385
DAKOTA,1,2.8,1.02961941718116,0.976144,-0.0241451624685385
DAKOTA,0,4.4,1.48160454092422,0.976144,-0.0241451624685385
DAKOTA,1,1.7,0.53062825106217,0.976144,-0.0241451624685385
DAKOTA,0,2,0.693147180559945,0.976144,-0.0241451624685385
DAKOTA,0,2,0.693147180559945,0.976144,-0.0241451624685385
DAKOTA,0,1.5,0.405465108108164,0.976144,-0.0241451624685385
DAKOTA,0,9.6,2.26176309847379,0.976144,-0.0241451624685385
DAKOTA,0,8.1,2.09186406167839,0.976144,-0.0241451624685385
DAKOTA,0,3.5,1.25276296849537,0.976144,-0.0241451624685385
DAKOTA,1,0.8,-0.22314355131421,0.976144,-0.0241451624685385
DAKOTA,0,5.1,1.62924053973028,0.976144,-0.0241451624685385
DAKOTA,0,3.2,1.16315080980568,0.976144,-0.0241451624685385
DAKOTA,0,10.8,2.37954613413017,0.976144,-0.0241451624685385
DAKOTA,0,8.2,2.10413415427021,0.976144,-0.0241451624685385
DAKOTA,0,6.3,1.84054963339749,0.976144,-0.0241451624685385
DAKOTA,0,4.8,1.56861591791385,0.976144,-0.0241451624685385
DAKOTA,0,6,1.79175946922805,0.976144,-0.0241451624685385
DAKOTA,0,1.1,0.0953101798043249,0.976144,-0.0241451624685385
DAKOTA,0,8.7,2.16332302566054,0.976144,-0.0241451624685385
DAKOTA,0,8.8,2.17475172148416,0.976144,-0.0241451624685385
DAKOTA,0,6.8,1.91692261218206,0.976144,-0.0241451624685385
DAKOTA,0,2.3,0.832909122935104,0.976144,-0.0241451624685385
DAKOTA,0,1.6,0.470003629245736,0.976144,-0.0241451624685385
DAKOTA,0,2.8,1.02961941718116,0.976144,-0.0241451624685385
DAKOTA,0,6.5,1.87180217690159,0.976144,-0.0241451624685385
DAKOTA,0,1.7,0.53062825106217,0.976144,-0.0241451624685385
DAKOTA,0,4.6,1.52605630349505,0.976144,-0.0241451624685385
DAKOTA,0,3.3,1.19392246847243,0.976144,-0.0241451624685385
DAKOTA,0,4.4,1.48160454092422,0.976144,-0.0241451624685385
DAKOTA,0,21.2,3.05400118167797,0.976144,-0.0241451624685385
DAKOTA,0,9.1,2.2082744135228,0.976144,-0.0241451624685385
DAKOTA,0,0.9,-0.105360515657826,0.976144,-0.0241451624685385
DAKOTA,0,4.9,1.58923520511658,0.976144,-0.0241451624685385
DAKOTA,0,5,1.6094379124341,0.976144,-0.0241451624685385
DAKOTA,0,1.1,0.0953101798043249,0.976144,-0.0241451624685385
DAKOTA,0,7.6,2.02814824729229,0.976144,-0.0241451624685385
DAKOTA,0,5.4,1.68639895357023,0.976144,-0.0241451624685385
DAKOTA,0,3.6,1.28093384546206,0.976144,-0.0241451624685385
DAKOTA,0,4.9,1.58923520511658,0.976144,-0.0241451624685385
DAKOTA,0,4.7,1.54756250871601,0.976144,-0.0241451624685385
DAKOTA,0,1.4,0.336472236621213,0.976144,-0.0241451624685385
DAKOTA,0,3.4,1.22377543162212,0.976144,-0.0241451624685385
DAKOTA,0,4.2,1.43508452528932,0.976144,-0.0241451624685385
DAKOTA,0,2.5,0.916290731874155,0.976144,-0.0241451624685385
DAKOTA,0,1.4,0.336472236621213,0.976144,-0.0241451624685385
DAKOTA,0,1.4,0.336472236621213,0.976144,-0.0241451624685385
DAKOTA,0,1.9,0.641853886172395,0.976144,-0.0241451624685385
DAKOTA,0,4.8,1.56861591791385,0.976144,-0.0241451624685385
DAKOTA,1,1.4,0.336472236621213,0.976144,-0.0241451624685385
DAKOTA,0,3.8,1.33500106673234,0.976144,-0.0241451624685385
DAKOTA,0,8.8,2.17475172148416,0.976144,-0.0241451624685385
DAKOTA,0,4.3,1.45861502269952,0.976144,-0.0241451624685385
DAKOTA,0,4.4,1.48160454092422,0.976144,-0.0241451624685385
DAKOTA,0,4.5,1.50407739677627,0.976144,-0.0241451624685385
DAKOTA,0,2.2,0.78845736036427,0.976144,-0.0241451624685385
DAKOTA,0,0.5,-0.693147180559945,0.976144,-0.0241451624685385
DAKOTA,0,5.8,1.75785791755237,0.976144,-0.0241451624685385
DODGE,0,5.4,1.68639895357023,1.30194,0.263855459775217
DODGE,0,7.2,1.97408102602201,1.30194,0.263855459775217
DODGE,0,5.7,1.7404661748405,1.30194,0.263855459775217
DOUGLAS,0,7.4,2.00148000021012,1.16849,0.155712316979839
DOUGLAS,0,4.8,1.56861591791385,1.16849,0.155712316979839
DOUGLAS,0,6.8,1.91692261218206,1.16849,0.155712316979839
DOUGLAS,0,6.4,1.85629799036563,1.16849,0.155712316979839
DOUGLAS,1,3.7,1.30833281965018,1.16849,0.155712316979839
DOUGLAS,0,5.5,1.70474809223843,1.16849,0.155712316979839
DOUGLAS,0,7.8,2.05412373369555,1.16849,0.155712316979839
DOUGLAS,0,4.4,1.48160454092422,1.16849,0.155712316979839
DOUGLAS,0,2.7,0.993251773010283,1.16849,0.155712316979839
FARIBAULT,0,3.4,1.22377543162212,1.34316,0.295025046707039
FARIBAULT,0,4.2,1.43508452528932,1.34316,0.295025046707039
FARIBAULT,0,2.3,0.832909122935104,1.34316,0.295025046707039
FARIBAULT,1,1.3,0.262364264467491,1.34316,0.295025046707039
FARIBAULT,0,5.2,1.64865862558738,1.34316,0.295025046707039
FARIBAULT,0,0.1,-2.30258509299405,1.34316,0.295025046707039
FILLMORE,1,2.5,0.916290731874155,1.51424,0.414913662927776
FILLMORE,0,3.2,1.16315080980568,1.51424,0.414913662927776
FREEBORN,0,3.2,1.16315080980568,1.25133,0.224206985667406
FREEBORN,0,9.6,2.26176309847379,1.25133,0.224206985667406
FREEBORN,0,4.2,1.43508452528932,1.25133,0.224206985667406
FREEBORN,0,9,2.19722457733622,1.25133,0.224206985667406
FREEBORN,0,6.3,1.84054963339749,1.25133,0.224206985667406
FREEBORN,0,32.6,3.48431228837266,1.25133,0.224206985667406
FREEBORN,0,13.2,2.58021682959233,1.25133,0.224206985667406
FREEBORN,1,2.2,0.78845736036427,1.25133,0.224206985667406
FREEBORN,1,5.6,1.7227665977411,1.25133,0.224206985667406
GOODHUE,0,14.3,2.66025953726586,1.21727,0.196610646424232
GOODHUE,1,6.9,1.93152141160321,1.21727,0.196610646424232
GOODHUE,0,7.6,2.02814824729229,1.21727,0.196610646424232
GOODHUE,1,9.8,2.28238238567653,1.21727,0.196610646424232
GOODHUE,0,2.6,0.955511445027436,1.21727,0.196610646424232
GOODHUE,0,43.5,3.77276093809464,1.21727,0.196610646424232
GOODHUE,0,4.9,1.58923520511658,1.21727,0.196610646424232
GOODHUE,0,4.9,1.58923520511658,1.21727,0.196610646424232
GOODHUE,0,3.5,1.25276296849537,1.21727,0.196610646424232
GOODHUE,0,4.8,1.56861591791385,1.21727,0.196610646424232
GOODHUE,0,5.6,1.7227665977411,1.21727,0.196610646424232
GOODHUE,0,3.5,1.25276296849537,1.21727,0.196610646424232
GOODHUE,0,3.9,1.3609765531356,1.21727,0.196610646424232
GOODHUE,0,6.7,1.90210752639692,1.21727,0.196610646424232
HENNEPIN,0,7.9,2.06686275947298,0.907991,-0.09652081232424
HENNEPIN,0,3.3,1.19392246847243,0.907991,-0.09652081232424
HENNEPIN,1,2.1,0.741937344729377,0.907991,-0.09652081232424
HENNEPIN,0,1.6,0.470003629245736,0.907991,-0.09652081232424
HENNEPIN,0,4,1.38629436111989,0.907991,-0.09652081232424
HENNEPIN,0,1.8,0.587786664902119,0.907991,-0.09652081232424
HENNEPIN,0,2.5,0.916290731874155,0.907991,-0.09652081232424
HENNEPIN,0,11.2,2.41591377830105,0.907991,-0.09652081232424
HENNEPIN,0,2.6,0.955511445027436,0.907991,-0.09652081232424
HENNEPIN,0,3.9,1.3609765531356,0.907991,-0.09652081232424
HENNEPIN,0,7.4,2.00148000021012,0.907991,-0.09652081232424
HENNEPIN,0,1.3,0.262364264467491,0.907991,-0.09652081232424
HENNEPIN,0,0.9,-0.105360515657826,0.907991,-0.09652081232424
HENNEPIN,0,0.4,-0.916290731874155,0.907991,-0.09652081232424
HENNEPIN,1,2.5,0.916290731874155,0.907991,-0.09652081232424
HENNEPIN,0,6,1.79175946922805,0.907991,-0.09652081232424
HENNEPIN,0,2,0.693147180559945,0.907991,-0.09652081232424
HENNEPIN,0,5.4,1.68639895357023,0.907991,-0.09652081232424
HENNEPIN,0,3,1.09861228866811,0.907991,-0.09652081232424
HENNEPIN,0,2.9,1.06471073699243,0.907991,-0.09652081232424
HENNEPIN,0,5.5,1.70474809223843,0.907991,-0.09652081232424
HENNEPIN,0,4.1,1.41098697371026,0.907991,-0.09652081232424
HENNEPIN,0,3.9,1.3609765531356,0.907991,-0.09652081232424
HENNEPIN,0,14.9,2.70136121295141,0.907991,-0.09652081232424
HENNEPIN,0,7.2,1.97408102602201,0.907991,-0.09652081232424
HENNEPIN,0,2.3,0.832909122935104,0.907991,-0.09652081232424
HENNEPIN,1,2.8,1.02961941718116,0.907991,-0.09652081232424
HENNEPIN,0,4.4,1.48160454092422,0.907991,-0.09652081232424
HENNEPIN,0,1.5,0.405465108108164,0.907991,-0.09652081232424
HENNEPIN,0,8.6,2.15176220325946,0.907991,-0.09652081232424
HENNEPIN,0,5.6,1.7227665977411,0.907991,-0.09652081232424
HENNEPIN,0,8.6,2.15176220325946,0.907991,-0.09652081232424
HENNEPIN,0,3.8,1.33500106673234,0.907991,-0.09652081232424
HENNEPIN,0,1.8,0.587786664902119,0.907991,-0.09652081232424
HENNEPIN,0,1.9,0.641853886172395,0.907991,-0.09652081232424
HENNEPIN,0,5.5,1.70474809223843,0.907991,-0.09652081232424
HENNEPIN,0,2.5,0.916290731874155,0.907991,-0.09652081232424
HENNEPIN,1,0.8,-0.22314355131421,0.907991,-0.09652081232424
HENNEPIN,0,2.1,0.741937344729377,0.907991,-0.09652081232424
HENNEPIN,0,2.8,1.02961941718116,0.907991,-0.09652081232424
HENNEPIN,0,3.9,1.3609765531356,0.907991,-0.09652081232424
HENNEPIN,0,4.3,1.45861502269952,0.907991,-0.09652081232424
HENNEPIN,0,4.7,1.54756250871601,0.907991,-0.09652081232424
HENNEPIN,0,2.8,1.02961941718116,0.907991,-0.09652081232424
HENNEPIN,0,4.1,1.41098697371026,0.907991,-0.09652081232424
HENNEPIN,0,1.6,0.470003629245736,0.907991,-0.09652081232424
HENNEPIN,0,4.3,1.45861502269952,0.907991,-0.09652081232424
HENNEPIN,1,0.7,-0.356674943938732,0.907991,-0.09652081232424
HENNEPIN,0,5.5,1.70474809223843,0.907991,-0.09652081232424
HENNEPIN,1,3.3,1.19392246847243,0.907991,-0.09652081232424
HENNEPIN,0,5.5,1.70474809223843,0.907991,-0.09652081232424
HENNEPIN,0,2.5,0.916290731874155,0.907991,-0.09652081232424
HENNEPIN,0,2.7,0.993251773010283,0.907991,-0.09652081232424
HENNEPIN,0,8.4,2.12823170584927,0.907991,-0.09652081232424
HENNEPIN,0,3.3,1.19392246847243,0.907991,-0.09652081232424
HENNEPIN,0,3.2,1.16315080980568,0.907991,-0.09652081232424
HENNEPIN,0,8.6,2.15176220325946,0.907991,-0.09652081232424
HENNEPIN,0,1.7,0.53062825106217,0.907991,-0.09652081232424
HENNEPIN,0,5.7,1.7404661748405,0.907991,-0.09652081232424
HENNEPIN,0,13,2.56494935746154,0.907991,-0.09652081232424
HENNEPIN,0,2.7,0.993251773010283,0.907991,-0.09652081232424
HENNEPIN,0,4.7,1.54756250871601,0.907991,-0.09652081232424
HENNEPIN,0,5.6,1.7227665977411,0.907991,-0.09652081232424
HENNEPIN,0,13.8,2.62466859216316,0.907991,-0.09652081232424
HENNEPIN,1,7.6,2.02814824729229,0.907991,-0.09652081232424
HENNEPIN,0,5.7,1.7404661748405,0.907991,-0.09652081232424
HENNEPIN,0,4.6,1.52605630349505,0.907991,-0.09652081232424
HENNEPIN,0,7.6,2.02814824729229,0.907991,-0.09652081232424
HENNEPIN,0,2.6,0.955511445027436,0.907991,-0.09652081232424
HENNEPIN,0,4.5,1.50407739677627,0.907991,-0.09652081232424
HENNEPIN,0,5.9,1.77495235091167,0.907991,-0.09652081232424
HENNEPIN,0,2.2,0.78845736036427,0.907991,-0.09652081232424
HENNEPIN,0,2.4,0.8754687373539,0.907991,-0.09652081232424
HENNEPIN,0,4,1.38629436111989,0.907991,-0.09652081232424
HENNEPIN,0,4.6,1.52605630349505,0.907991,-0.09652081232424
HENNEPIN,0,4.6,1.52605630349505,0.907991,-0.09652081232424
HENNEPIN,0,10.9,2.3887627892351,0.907991,-0.09652081232424
HENNEPIN,0,7.6,2.02814824729229,0.907991,-0.09652081232424
HENNEPIN,0,3,1.09861228866811,0.907991,-0.09652081232424
HENNEPIN,0,1.5,0.405465108108164,0.907991,-0.09652081232424
HENNEPIN,1,1.6,0.470003629245736,0.907991,-0.09652081232424
HENNEPIN,0,16.5,2.80336038090653,0.907991,-0.09652081232424
HENNEPIN,0,3.1,1.1314021114911,0.907991,-0.09652081232424
HENNEPIN,0,5.1,1.62924053973028,0.907991,-0.09652081232424
HENNEPIN,0,4.9,1.58923520511658,0.907991,-0.09652081232424
HENNEPIN,0,6,1.79175946922805,0.907991,-0.09652081232424
HENNEPIN,1,0.9,-0.105360515657826,0.907991,-0.09652081232424
HENNEPIN,0,1.8,0.587786664902119,0.907991,-0.09652081232424
HENNEPIN,0,3.9,1.3609765531356,0.907991,-0.09652081232424
HENNEPIN,0,5.6,1.7227665977411,0.907991,-0.09652081232424
HENNEPIN,1,0.4,-0.916290731874155,0.907991,-0.09652081232424
HENNEPIN,0,2.6,0.955511445027436,0.907991,-0.09652081232424
HENNEPIN,0,3.6,1.28093384546206,0.907991,-0.09652081232424
HENNEPIN,0,6.2,1.82454929205105,0.907991,-0.09652081232424
HENNEPIN,0,23.6,3.16124671203156,0.907991,-0.09652081232424
HENNEPIN,0,3.9,1.3609765531356,0.907991,-0.09652081232424
HENNEPIN,0,2.9,1.06471073699243,0.907991,-0.09652081232424
HENNEPIN,0,3,1.09861228866811,0.907991,-0.09652081232424
HENNEPIN,0,4.7,1.54756250871601,0.907991,-0.09652081232424
HENNEPIN,0,3,1.09861228866811,0.907991,-0.09652081232424
HENNEPIN,0,4.2,1.43508452528932,0.907991,-0.09652081232424
HENNEPIN,0,3.8,1.33500106673234,0.907991,-0.09652081232424
HENNEPIN,0,3,1.09861228866811,0.907991,-0.09652081232424
HENNEPIN,0,4.3,1.45861502269952,0.907991,-0.09652081232424
HENNEPIN,1,2.9,1.06471073699243,0.907991,-0.09652081232424
HOUSTON,0,3.4,1.22377543162212,1.65455,0.503529068533353
HOUSTON,0,8.5,2.14006616349627,1.65455,0.503529068533353
HOUSTON,0,9,2.19722457733622,1.65455,0.503529068533353
HOUSTON,1,4.8,1.56861591791385,1.65455,0.503529068533353
HOUSTON,0,3.6,1.28093384546206,1.65455,0.503529068533353
HOUSTON,1,2.2,0.78845736036427,1.65455,0.503529068533353
HUBBARD,1,2.8,1.02961941718116,0.66992,-0.400596976711304
HUBBARD,1,0.8,-0.22314355131421,0.66992,-0.400596976711304
HUBBARD,0,1.5,0.405465108108164,0.66992,-0.400596976711304
HUBBARD,0,4.6,1.52605630349505,0.66992,-0.400596976711304
HUBBARD,1,3.7,1.30833281965018,0.66992,-0.400596976711304
ISANTI,0,3.6,1.28093384546206,0.471483,-0.751872232701787
ISANTI,0,3,1.09861228866811,0.471483,-0.751872232701787
ISANTI,0,2.2,0.78845736036427,0.471483,-0.751872232701787
ITASCA,0,1.9,0.641853886172395,0.515124,-0.663347630601429
ITASCA,0,2.6,0.955511445027436,0.515124,-0.663347630601429
ITASCA,0,1.8,0.587786664902119,0.515124,-0.663347630601429
ITASCA,0,2.4,0.8754687373539,0.515124,-0.663347630601429
ITASCA,0,4.3,1.45861502269952,0.515124,-0.663347630601429
ITASCA,0,2.6,0.955511445027436,0.515124,-0.663347630601429
ITASCA,0,1.1,0.0953101798043249,0.515124,-0.663347630601429
ITASCA,0,3.3,1.19392246847243,0.515124,-0.663347630601429
ITASCA,0,2.5,0.916290731874155,0.515124,-0.663347630601429
ITASCA,0,9.4,2.24070968927596,0.515124,-0.663347630601429
ITASCA,0,1.3,0.262364264467491,0.515124,-0.663347630601429
JACKSON,0,8.4,2.12823170584927,1.36209,0.309020284839334
JACKSON,0,5,1.6094379124341,1.36209,0.309020284839334
JACKSON,0,2.9,1.06471073699243,1.36209,0.309020284839334
JACKSON,0,13.1,2.57261223020711,1.36209,0.309020284839334
JACKSON,0,15.3,2.72785282839839,1.36209,0.309020284839334
KANABEC,0,1.8,0.587786664902119,0.948014,-0.0533860089036706
KANABEC,0,3.8,1.33500106673234,0.948014,-0.0533860089036706
KANABEC,0,7.9,2.06686275947298,0.948014,-0.0533860089036706
KANABEC,0,2.6,0.955511445027436,0.948014,-0.0533860089036706
KANDIYOHI,0,11.3,2.42480272571829,1.11598,0.10973294265158
KANDIYOHI,0,4.1,1.41098697371026,1.11598,0.10973294265158
KANDIYOHI,0,12.3,2.50959926237837,1.11598,0.10973294265158
KANDIYOHI,0,6.7,1.90210752639692,1.11598,0.10973294265158
KITTSON,0,6.9,1.93152141160321,0.992227,-0.00780336722984165
KITTSON,1,4.5,1.50407739677627,0.992227,-0.00780336722984165
KITTSON,1,0.9,-0.105360515657826,0.992227,-0.00780336722984165
KOOCHICHING,0,1.7,0.53062825106217,0.414025,-0.881828920506582
KOOCHICHING,0,1.4,0.336472236621213,0.414025,-0.881828920506582
KOOCHICHING,1,2,0.693147180559945,0.414025,-0.881828920506582
KOOCHICHING,1,1,0,0.414025,-0.881828920506582
KOOCHICHING,0,1,0,0.414025,-0.881828920506582
KOOCHICHING,1,2.8,1.02961941718116,0.414025,-0.881828920506582
KOOCHICHING,1,1.3,0.262364264467491,0.414025,-0.881828920506582
LAC QUI PARLE,1,11.3,2.42480272571829,1.36483,0.311029878756367
LAC QUI PARLE,0,16,2.77258872223978,1.36483,0.311029878756367
LAKE,1,1.3,0.262364264467491,0.500776,-0.691596383667291
LAKE,0,1.3,0.262364264467491,0.500776,-0.691596383667291
LAKE,0,1.6,0.470003629245736,0.500776,-0.691596383667291
LAKE,0,0.9,-0.105360515657826,0.500776,-0.691596383667291
LAKE,0,2.8,1.02961941718116,0.500776,-0.691596383667291
LAKE,0,0.5,-0.693147180559945,0.500776,-0.691596383667291
LAKE,0,1.5,0.405465108108164,0.500776,-0.691596383667291
LAKE,0,7.1,1.96009478404727,0.500776,-0.691596383667291
LAKE,0,0.5,-0.693147180559945,0.500776,-0.691596383667291
LAKE OF THE WOODS,0,10.1,2.31253542384721,0.505752,-0.681708848419116
LAKE OF THE WOODS,1,4.3,1.45861502269952,0.505752,-0.681708848419116
LAKE OF THE WOODS,0,3.3,1.19392246847243,0.505752,-0.681708848419116
LAKE OF THE WOODS,1,2.9,1.06471073699243,0.505752,-0.681708848419116
LE SUEUR,0,12.5,2.52572864430826,1.21464,0.194447736591795
LE SUEUR,1,4.2,1.43508452528932,1.21464,0.194447736591795
LE SUEUR,0,4.5,1.50407739677627,1.21464,0.194447736591795
LE SUEUR,0,3.9,1.3609765531356,1.21464,0.194447736591795
LE SUEUR,0,3.3,1.19392246847243,1.21464,0.194447736591795
LINCOLN,0,17.5,2.86220088092947,1.56034,0.444903746232023
LINCOLN,0,10.6,2.36085400111802,1.56034,0.444903746232023
LINCOLN,0,7.9,2.06686275947298,1.56034,0.444903746232023
LINCOLN,1,3.5,1.25276296849537,1.56034,0.444903746232023
LYON,0,6.5,1.87180217690159,1.48399,0.39473440617801
LYON,1,6.9,1.93152141160321,1.48399,0.39473440617801
LYON,0,5.1,1.62924053973028,1.48399,0.39473440617801
LYON,0,12,2.484906649788,1.48399,0.39473440617801
LYON,0,5.1,1.62924053973028,1.48399,0.39473440617801
LYON,0,8.9,2.18605127673809,1.48399,0.39473440617801
LYON,0,5.8,1.75785791755237,1.48399,0.39473440617801
LYON,0,4.6,1.52605630349505,1.48399,0.39473440617801
MAHNOMEN,0,3.9,1.3609765531356,1.16137,0.14960034272844
MARSHALL,1,1.5,0.405465108108164,1.01386,0.0137648285757133
MARSHALL,0,23.8,3.16968558067743,1.01386,0.0137648285757133
MARSHALL,1,0.9,-0.105360515657826,1.01386,0.0137648285757133
MARSHALL,1,1.4,0.336472236621213,1.01386,0.0137648285757133
MARSHALL,1,1.1,0.0953101798043249,1.01386,0.0137648285757133
MARSHALL,0,2.8,1.02961941718116,1.01386,0.0137648285757133
MARSHALL,0,48.2,3.87535902105655,1.01386,0.0137648285757133
MARSHALL,1,0.9,-0.105360515657826,1.01386,0.0137648285757133
MARSHALL,0,8.3,2.11625551480255,1.01386,0.0137648285757133
MARTIN,0,4.1,1.41098697371026,1.18041,0.16586183575527
MARTIN,1,0.5,-0.693147180559945,1.18041,0.16586183575527
MARTIN,0,6.7,1.90210752639692,1.18041,0.16586183575527
MARTIN,0,7.5,2.01490302054226,1.18041,0.16586183575527
MARTIN,0,9.2,2.21920348405499,1.18041,0.16586183575527
MARTIN,0,0.5,-0.693147180559945,1.18041,0.16586183575527
MARTIN,0,1.5,0.405465108108164,1.18041,0.16586183575527
MCLEOD,0,10.3,2.33214389523559,1.15076,0.140422593662249
MCLEOD,0,3.9,1.3609765531356,1.15076,0.140422593662249
MCLEOD,0,1.8,0.587786664902119,1.15076,0.140422593662249
MCLEOD,0,9.9,2.29253475714054,1.15076,0.140422593662249
MCLEOD,0,2.3,0.832909122935104,1.15076,0.140422593662249
MCLEOD,0,4.4,1.48160454092422,1.15076,0.140422593662249
MCLEOD,0,2.8,1.02961941718116,1.15076,0.140422593662249
MCLEOD,1,1.1,0.0953101798043249,1.15076,0.140422593662249
MCLEOD,0,1.2,0.182321556793955,1.15076,0.140422593662249
MCLEOD,1,1.6,0.470003629245736,1.15076,0.140422593662249
MCLEOD,1,25.4,3.23474917402449,1.15076,0.140422593662249
MCLEOD,1,0,-2.30258509299405,1.15076,0.140422593662249
MCLEOD,0,10.6,2.36085400111802,1.15076,0.140422593662249
MEEKER,0,2.3,0.832909122935104,1.02424,0.0239508741557865
MEEKER,0,3.9,1.3609765531356,1.02424,0.0239508741557865
MEEKER,0,7.2,1.97408102602201,1.02424,0.0239508741557865
MEEKER,0,2.1,0.741937344729377,1.02424,0.0239508741557865
MEEKER,0,3.2,1.16315080980568,1.02424,0.0239508741557865
MILLE LACS,1,0.5,-0.693147180559945,0.810536,-0.210059521766286
MILLE LACS,0,5.7,1.7404661748405,0.810536,-0.210059521766286
MORRISON,0,1.4,0.336472236621213,0.910987,-0.0932266518569275
MORRISON,0,2.1,0.741937344729377,0.910987,-0.0932266518569275
MORRISON,0,4.4,1.48160454092422,0.910987,-0.0932266518569275
MORRISON,0,2.4,0.8754687373539,0.910987,-0.0932266518569275
MORRISON,0,4.9,1.58923520511658,0.910987,-0.0932266518569275
MORRISON,1,3,1.09861228866811,0.910987,-0.0932266518569275
MORRISON,0,3,1.09861228866811,0.910987,-0.0932266518569275
MORRISON,0,2.8,1.02961941718116,0.910987,-0.0932266518569275
MORRISON,0,3.9,1.3609765531356,0.910987,-0.0932266518569275
MOWER,0,10.9,2.3887627892351,1.29814,0.260932470709068
MOWER,0,6.4,1.85629799036563,1.29814,0.260932470709068
MOWER,0,2,0.693147180559945,1.29814,0.260932470709068
MOWER,0,3,1.09861228866811,1.29814,0.260932470709068
MOWER,0,4.5,1.50407739677627,1.29814,0.260932470709068
MOWER,0,2.1,0.741937344729377,1.29814,0.260932470709068
MOWER,0,8,2.07944154167984,1.29814,0.260932470709068
MOWER,1,1.3,0.262364264467491,1.29814,0.260932470709068
MOWER,0,9.2,2.21920348405499,1.29814,0.260932470709068
MOWER,1,1.1,0.0953101798043249,1.29814,0.260932470709068
MOWER,0,10.6,2.36085400111802,1.29814,0.260932470709068
MOWER,0,24,3.17805383034795,1.29814,0.260932470709068
MOWER,0,9.1,2.2082744135228,1.29814,0.260932470709068
MURRAY,0,12.1,2.4932054526027,1.49011,0.398849942735755
NICOLLET,0,8.1,2.09186406167839,1.28152,0.248046873411091
NICOLLET,0,10.8,2.37954613413017,1.28152,0.248046873411091
NICOLLET,0,4.2,1.43508452528932,1.28152,0.248046873411091
NICOLLET,0,15.7,2.75366071235426,1.28152,0.248046873411091
NOBLES,0,5.4,1.68639895357023,1.49998,0.405451774685941
NOBLES,0,6.2,1.82454929205105,1.49998,0.405451774685941
NOBLES,0,9.7,2.27212588550934,1.49998,0.405451774685941
NORMAN,0,8.1,2.09186406167839,1.30372,0.265221716521598
NORMAN,0,1.6,0.470003629245736,1.30372,0.265221716521598
NORMAN,1,1.6,0.470003629245736,1.30372,0.265221716521598
OLMSTED,0,6.4,1.85629799036563,1.27526,0.24315007938984
OLMSTED,0,4.4,1.48160454092422,1.27526,0.24315007938984
OLMSTED,0,11.2,2.41591377830105,1.27526,0.24315007938984
OLMSTED,0,10,2.30258509299405,1.27526,0.24315007938984
OLMSTED,0,4.5,1.50407739677627,1.27526,0.24315007938984
OLMSTED,0,8,2.07944154167984,1.27526,0.24315007938984
OLMSTED,0,2.3,0.832909122935104,1.27526,0.24315007938984
OLMSTED,0,3.2,1.16315080980568,1.27526,0.24315007938984
OLMSTED,0,5,1.6094379124341,1.27526,0.24315007938984
OLMSTED,0,4.1,1.41098697371026,1.27526,0.24315007938984
OLMSTED,0,1.1,0.0953101798043249,1.27526,0.24315007938984
OLMSTED,0,2,0.693147180559945,1.27526,0.24315007938984
OLMSTED,1,1.1,0.0953101798043249,1.27526,0.24315007938984
OLMSTED,0,2.9,1.06471073699243,1.27526,0.24315007938984
OLMSTED,0,2.1,0.741937344729377,1.27526,0.24315007938984
OLMSTED,0,7.8,2.05412373369555,1.27526,0.24315007938984
OLMSTED,0,3.8,1.33500106673234,1.27526,0.24315007938984
OLMSTED,0,2.5,0.916290731874155,1.27526,0.24315007938984
OLMSTED,0,2.9,1.06471073699243,1.27526,0.24315007938984
OLMSTED,1,1.7,0.53062825106217,1.27526,0.24315007938984
OLMSTED,0,2.5,0.916290731874155,1.27526,0.24315007938984
OLMSTED,0,9.4,2.24070968927596,1.27526,0.24315007938984
OLMSTED,1,0.6,-0.510825623765991,1.27526,0.24315007938984
OTTER TAIL,0,2.7,0.993251773010283,0.814867,-0.20473036924229
OTTER TAIL,1,1.1,0.0953101798043249,0.814867,-0.20473036924229
OTTER TAIL,1,2.1,0.741937344729377,0.814867,-0.20473036924229
OTTER TAIL,0,12,2.484906649788,0.814867,-0.20473036924229
OTTER TAIL,1,12.6,2.53369681395743,0.814867,-0.20473036924229
OTTER TAIL,0,3.2,1.16315080980568,0.814867,-0.20473036924229
OTTER TAIL,0,4.2,1.43508452528932,0.814867,-0.20473036924229
OTTER TAIL,0,3.8,1.33500106673234,0.814867,-0.20473036924229
PENNINGTON,1,3.7,1.30833281965018,0.928646,-0.0740276676859043
PENNINGTON,0,5.8,1.75785791755237,0.928646,-0.0740276676859043
PENNINGTON,1,0.3,-1.20397280432594,0.928646,-0.0740276676859043
PINE,0,4.1,1.41098697371026,0.849343,-0.163292169547294
PINE,0,2.8,1.02961941718116,0.849343,-0.163292169547294
PINE,0,1.9,0.641853886172395,0.849343,-0.163292169547294
PINE,1,1.2,0.182321556793955,0.849343,-0.163292169547294
PINE,0,1.2,0.182321556793955,0.849343,-0.163292169547294
PINE,0,1.5,0.405465108108164,0.849343,-0.163292169547294
PIPESTONE,0,9.4,2.24070968927596,1.61382,0.478604039464906
PIPESTONE,0,1.7,0.53062825106217,1.61382,0.478604039464906
PIPESTONE,0,12.1,2.4932054526027,1.61382,0.478604039464906
PIPESTONE,1,4.3,1.45861502269952,1.61382,0.478604039464906
POLK,0,6.9,1.93152141160321,1.30488,0.266111082523638
POLK,1,1.4,0.336472236621213,1.30488,0.266111082523638
POLK,1,2.5,0.916290731874155,1.30488,0.266111082523638
POLK,0,9.6,2.26176309847379,1.30488,0.266111082523638
POPE,0,3.8,1.33500106673234,1.32465,0.281148273600784
POPE,0,3.4,1.22377543162212,1.32465,0.281148273600784
RAMSEY,0,6.8,1.91692261218206,0.658327,-0.418053510614464
RAMSEY,0,3.6,1.28093384546206,0.658327,-0.418053510614464
RAMSEY,0,2.2,0.78845736036427,0.658327,-0.418053510614464
RAMSEY,0,2.6,0.955511445027436,0.658327,-0.418053510614464
RAMSEY,0,2.1,0.741937344729377,0.658327,-0.418053510614464
RAMSEY,0,7,1.94591014905531,0.658327,-0.418053510614464
RAMSEY,0,1.2,0.182321556793955,0.658327,-0.418053510614464
RAMSEY,0,3.8,1.33500106673234,0.658327,-0.418053510614464
RAMSEY,0,3.5,1.25276296849537,0.658327,-0.418053510614464
RAMSEY,0,4.2,1.43508452528932,0.658327,-0.418053510614464
RAMSEY,1,1.6,0.470003629245736,0.658327,-0.418053510614464
RAMSEY,1,2.8,1.02961941718116,0.658327,-0.418053510614464
RAMSEY,0,8.6,2.15176220325946,0.658327,-0.418053510614464
RAMSEY,0,6.2,1.82454929205105,0.658327,-0.418053510614464
RAMSEY,0,5.2,1.64865862558738,0.658327,-0.418053510614464
RAMSEY,0,2.7,0.993251773010283,0.658327,-0.418053510614464
RAMSEY,0,1.2,0.182321556793955,0.658327,-0.418053510614464
RAMSEY,0,3.5,1.25276296849537,0.658327,-0.418053510614464
RAMSEY,0,5.5,1.70474809223843,0.658327,-0.418053510614464
RAMSEY,1,10.1,2.31253542384721,0.658327,-0.418053510614464
RAMSEY,0,5.5,1.70474809223843,0.658327,-0.418053510614464
RAMSEY,0,1.2,0.182321556793955,0.658327,-0.418053510614464
RAMSEY,0,4.9,1.58923520511658,0.658327,-0.418053510614464
RAMSEY,0,4,1.38629436111989,0.658327,-0.418053510614464
RAMSEY,0,3.5,1.25276296849537,0.658327,-0.418053510614464
RAMSEY,0,2.5,0.916290731874155,0.658327,-0.418053510614464
RAMSEY,0,1.2,0.182321556793955,0.658327,-0.418053510614464
RAMSEY,0,2.7,0.993251773010283,0.658327,-0.418053510614464
RAMSEY,0,1.7,0.53062825106217,0.658327,-0.418053510614464
RAMSEY,0,3.1,1.1314021114911,0.658327,-0.418053510614464
RAMSEY,0,0.7,-0.356674943938732,0.658327,-0.418053510614464
RAMSEY,0,1,0,0.658327,-0.418053510614464
REDWOOD,0,1.9,0.641853886172395,1.44242,0.366322258590098
REDWOOD,0,3.8,1.33500106673234,1.44242,0.366322258590098
REDWOOD,0,8.9,2.18605127673809,1.44242,0.366322258590098
REDWOOD,0,7.4,2.00148000021012,1.44242,0.366322258590098
REDWOOD,1,20.7,3.03013370027132,1.44242,0.366322258590098
RENVILLE,0,6,1.79175946922805,1.46313,0.380577976600215
RENVILLE,0,2.1,0.741937344729377,1.46313,0.380577976600215
RENVILLE,1,5.8,1.75785791755237,1.46313,0.380577976600215
RICE,0,9.7,2.27212588550934,1.21306,0.193146092877103
RICE,0,6.4,1.85629799036563,1.21306,0.193146092877103
RICE,0,4.6,1.52605630349505,1.21306,0.193146092877103
RICE,0,5.6,1.7227665977411,1.21306,0.193146092877103
RICE,0,19,2.94443897916644,1.21306,0.193146092877103
RICE,1,2.4,0.8754687373539,1.21306,0.193146092877103
RICE,0,3,1.09861228866811,1.21306,0.193146092877103
RICE,0,5.1,1.62924053973028,1.21306,0.193146092877103
RICE,0,7.7,2.04122032885964,1.21306,0.193146092877103
RICE,0,8.1,2.09186406167839,1.21306,0.193146092877103
RICE,0,4.7,1.54756250871601,1.21306,0.193146092877103
ROCK,0,8.4,2.12823170584927,1.69558,0.528024865192056
ROCK,0,1.6,0.470003629245736,1.69558,0.528024865192056
ROSEAU,1,6,1.79175946922805,0.808928,-0.212045364648176
ROSEAU,1,1.1,0.0953101798043249,0.808928,-0.212045364648176
ROSEAU,0,11.4,2.43361335540045,0.808928,-0.212045364648176
ROSEAU,1,4.3,1.45861502269952,0.808928,-0.212045364648176
ROSEAU,1,3.6,1.28093384546206,0.808928,-0.212045364648176
ROSEAU,0,10.3,2.33214389523559,0.808928,-0.212045364648176
ROSEAU,1,3.4,1.22377543162212,0.808928,-0.212045364648176
ROSEAU,0,3.1,1.1314021114911,0.808928,-0.212045364648176
ROSEAU,0,3.6,1.28093384546206,0.808928,-0.212045364648176
ROSEAU,0,2.7,0.993251773010283,0.808928,-0.212045364648176
ROSEAU,0,4,1.38629436111989,0.808928,-0.212045364648176
ROSEAU,1,1.2,0.182321556793955,0.808928,-0.212045364648176
ROSEAU,1,1.7,0.53062825106217,0.808928,-0.212045364648176
ROSEAU,1,4.2,1.43508452528932,0.808928,-0.212045364648176
SCOTT,1,19.3,2.96010509591084,1.06515,0.0631156343140753
SCOTT,1,9.1,2.2082744135228,1.06515,0.0631156343140753
SCOTT,0,2,0.693147180559945,1.06515,0.0631156343140753
SCOTT,0,11.4,2.43361335540045,1.06515,0.0631156343140753
SCOTT,0,10.2,2.32238772029023,1.06515,0.0631156343140753
SCOTT,1,2.1,0.741937344729377,1.06515,0.0631156343140753
SCOTT,0,1.2,0.182321556793955,1.06515,0.0631156343140753
SCOTT,0,3.2,1.16315080980568,1.06515,0.0631156343140753
SCOTT,1,2,0.693147180559945,1.06515,0.0631156343140753
SCOTT,0,4.3,1.45861502269952,1.06515,0.0631156343140753
SCOTT,0,2.2,0.78845736036427,1.06515,0.0631156343140753
SCOTT,0,5.4,1.68639895357023,1.06515,0.0631156343140753
SCOTT,0,25.2,3.22684399451738,1.06515,0.0631156343140753
SHERBURNE,0,5.1,1.62924053973028,0.504879,-0.683436482376788
SHERBURNE,0,2.3,0.832909122935104,0.504879,-0.683436482376788
SHERBURNE,0,3.2,1.16315080980568,0.504879,-0.683436482376788
SHERBURNE,0,2.5,0.916290731874155,0.504879,-0.683436482376788
SHERBURNE,0,2.8,1.02961941718116,0.504879,-0.683436482376788
SHERBURNE,0,3.1,1.1314021114911,0.504879,-0.683436482376788
SHERBURNE,0,1.6,0.470003629245736,0.504879,-0.683436482376788
SHERBURNE,0,4.7,1.54756250871601,0.504879,-0.683436482376788
SIBLEY,0,4,1.38629436111989,1.26771,0.23721212323308
SIBLEY,0,5,1.6094379124341,1.26771,0.23721212323308
SIBLEY,0,1.5,0.405465108108164,1.26771,0.23721212323308
SIBLEY,0,4.8,1.56861591791385,1.26771,0.23721212323308
ST LOUIS,0,0.8,-0.22314355131421,0.622088,-0.474673717150503
ST LOUIS,1,0.5,-0.693147180559945,0.622088,-0.474673717150503
ST LOUIS,0,2.4,0.8754687373539,0.622088,-0.474673717150503
ST LOUIS,0,2.3,0.832909122935104,0.622088,-0.474673717150503
ST LOUIS,0,4.6,1.52605630349505,0.622088,-0.474673717150503
ST LOUIS,0,11,2.39789527279837,0.622088,-0.474673717150503
ST LOUIS,0,14.9,2.70136121295141,0.622088,-0.474673717150503
ST LOUIS,0,8.6,2.15176220325946,0.622088,-0.474673717150503
ST LOUIS,0,4.5,1.50407739677627,0.622088,-0.474673717150503
ST LOUIS,0,1.5,0.405465108108164,0.622088,-0.474673717150503
ST LOUIS,0,3.9,1.3609765531356,0.622088,-0.474673717150503
ST LOUIS,0,1.8,0.587786664902119,0.622088,-0.474673717150503
ST LOUIS,0,1.6,0.470003629245736,0.622088,-0.474673717150503
ST LOUIS,0,0.5,-0.693147180559945,0.622088,-0.474673717150503
ST LOUIS,1,0.4,-0.916290731874155,0.622088,-0.474673717150503
ST LOUIS,1,0.5,-0.693147180559945,0.622088,-0.474673717150503
ST LOUIS,0,8.7,2.16332302566054,0.622088,-0.474673717150503
ST LOUIS,1,1.6,0.470003629245736,0.622088,-0.474673717150503
ST LOUIS,0,1.4,0.336472236621213,0.622088,-0.474673717150503
ST LOUIS,0,8.7,2.16332302566054,0.622088,-0.474673717150503
ST LOUIS,0,11.1,2.40694510831829,0.622088,-0.474673717150503
ST LOUIS,0,1.5,0.405465108108164,0.622088,-0.474673717150503
ST LOUIS,0,1.1,0.0953101798043249,0.622088,-0.474673717150503
ST LOUIS,1,0.9,-0.105360515657826,0.622088,-0.474673717150503
ST LOUIS,0,0.7,-0.356674943938732,0.622088,-0.474673717150503
ST LOUIS,0,4.2,1.43508452528932,0.622088,-0.474673717150503
ST LOUIS,0,3.4,1.22377543162212,0.622088,-0.474673717150503
ST LOUIS,1,2.1,0.741937344729377,0.622088,-0.474673717150503
ST LOUIS,0,2.9,1.06471073699243,0.622088,-0.474673717150503
ST LOUIS,0,1.8,0.587786664902119,0.622088,-0.474673717150503
ST LOUIS,0,1.8,0.587786664902119,0.622088,-0.474673717150503
ST LOUIS,0,2.4,0.8754687373539,0.622088,-0.474673717150503
ST LOUIS,0,1.7,0.53062825106217,0.622088,-0.474673717150503
ST LOUIS,1,0.8,-0.22314355131421,0.622088,-0.474673717150503
ST LOUIS,0,11.7,2.45958884180371,0.622088,-0.474673717150503
ST LOUIS,0,1.8,0.587786664902119,0.622088,-0.474673717150503
ST LOUIS,0,2.8,1.02961941718116,0.622088,-0.474673717150503
ST LOUIS,1,3.5,1.25276296849537,0.622088,-0.474673717150503
ST LOUIS,0,3.6,1.28093384546206,0.622088,-0.474673717150503
ST LOUIS,0,3.5,1.25276296849537,0.622088,-0.474673717150503
ST LOUIS,0,3,1.09861228866811,0.622088,-0.474673717150503
ST LOUIS,1,3.2,1.16315080980568,0.622088,-0.474673717150503
ST LOUIS,0,3.1,1.1314021114911,0.622088,-0.474673717150503
ST LOUIS,0,3.3,1.19392246847243,0.622088,-0.474673717150503
ST LOUIS,1,1.7,0.53062825106217,0.622088,-0.474673717150503
ST LOUIS,0,5.6,1.7227665977411,0.622088,-0.474673717150503
ST LOUIS,0,3.4,1.22377543162212,0.622088,-0.474673717150503
ST LOUIS,0,1.5,0.405465108108164,0.622088,-0.474673717150503
ST LOUIS,0,32.2,3.47196645255036,0.622088,-0.474673717150503
ST LOUIS,0,1.1,0.0953101798043249,0.622088,-0.474673717150503
ST LOUIS,0,2.1,0.741937344729377,0.622088,-0.474673717150503
ST LOUIS,0,0.8,-0.22314355131421,0.622088,-0.474673717150503
ST LOUIS,0,1.5,0.405465108108164,0.622088,-0.474673717150503
ST LOUIS,0,1.3,0.262364264467491,0.622088,-0.474673717150503
ST LOUIS,0,3.1,1.1314021114911,0.622088,-0.474673717150503
ST LOUIS,0,7.2,1.97408102602201,0.622088,-0.474673717150503
ST LOUIS,0,1.4,0.336472236621213,0.622088,-0.474673717150503
ST LOUIS,0,1.3,0.262364264467491,0.622088,-0.474673717150503
ST LOUIS,0,1.5,0.405465108108164,0.622088,-0.474673717150503
ST LOUIS,0,5,1.6094379124341,0.622088,-0.474673717150503
ST LOUIS,0,2.3,0.832909122935104,0.622088,-0.474673717150503
ST LOUIS,0,2.4,0.8754687373539,0.622088,-0.474673717150503
ST LOUIS,0,1.2,0.182321556793955,0.622088,-0.474673717150503
ST LOUIS,0,5.4,1.68639895357023,0.622088,-0.474673717150503
ST LOUIS,0,1.1,0.0953101798043249,0.622088,-0.474673717150503
ST LOUIS,0,1.4,0.336472236621213,0.622088,-0.474673717150503
ST LOUIS,1,7.2,1.97408102602201,0.622088,-0.474673717150503
ST LOUIS,0,1.1,0.0953101798043249,0.622088,-0.474673717150503
ST LOUIS,0,3.3,1.19392246847243,0.622088,-0.474673717150503
ST LOUIS,0,3.2,1.16315080980568,0.622088,-0.474673717150503
ST LOUIS,0,1.5,0.405465108108164,0.622088,-0.474673717150503
ST LOUIS,0,3.6,1.28093384546206,0.622088,-0.474673717150503
ST LOUIS,0,0.8,-0.22314355131421,0.622088,-0.474673717150503
ST LOUIS,0,1.6,0.470003629245736,0.622088,-0.474673717150503
ST LOUIS,0,1.4,0.336472236621213,0.622088,-0.474673717150503
ST LOUIS,0,2.7,0.993251773010283,0.622088,-0.474673717150503
ST LOUIS,0,3.3,1.19392246847243,0.622088,-0.474673717150503
ST LOUIS,0,0.9,-0.105360515657826,0.622088,-0.474673717150503
ST LOUIS,0,0.6,-0.510825623765991,0.622088,-0.474673717150503
ST LOUIS,0,2,0.693147180559945,0.622088,-0.474673717150503
ST LOUIS,0,1.9,0.641853886172395,0.622088,-0.474673717150503
ST LOUIS,0,0.9,-0.105360515657826,0.622088,-0.474673717150503
ST LOUIS,0,5.4,1.68639895357023,0.622088,-0.474673717150503
ST LOUIS,0,1.5,0.405465108108164,0.622088,-0.474673717150503
ST LOUIS,0,3.1,1.1314021114911,0.622088,-0.474673717150503
ST LOUIS,0,1.8,0.587786664902119,0.622088,-0.474673717150503
ST LOUIS,1,0.9,-0.105360515657826,0.622088,-0.474673717150503
ST LOUIS,0,3.3,1.19392246847243,0.622088,-0.474673717150503
ST LOUIS,0,1.7,0.53062825106217,0.622088,-0.474673717150503
ST LOUIS,0,3.1,1.1314021114911,0.622088,-0.474673717150503
ST LOUIS,1,0.7,-0.356674943938732,0.622088,-0.474673717150503
ST LOUIS,0,4.3,1.45861502269952,0.622088,-0.474673717150503
ST LOUIS,0,1.4,0.336472236621213,0.622088,-0.474673717150503
ST LOUIS,0,1.8,0.587786664902119,0.622088,-0.474673717150503
ST LOUIS,0,1.5,0.405465108108164,0.622088,-0.474673717150503
ST LOUIS,1,2.2,0.78845736036427,0.622088,-0.474673717150503
ST LOUIS,0,2.4,0.8754687373539,0.622088,-0.474673717150503
ST LOUIS,0,2.7,0.993251773010283,0.622088,-0.474673717150503
ST LOUIS,0,1.7,0.53062825106217,0.622088,-0.474673717150503
ST LOUIS,1,1.1,0.0953101798043249,0.622088,-0.474673717150503
ST LOUIS,1,1.8,0.587786664902119,0.622088,-0.474673717150503
ST LOUIS,0,0.2,-1.6094379124341,0.622088,-0.474673717150503
ST LOUIS,0,2.2,0.78845736036427,0.622088,-0.474673717150503
ST LOUIS,0,4.6,1.52605630349505,0.622088,-0.474673717150503
ST LOUIS,0,2.1,0.741937344729377,0.622088,-0.474673717150503
ST LOUIS,0,2,0.693147180559945,0.622088,-0.474673717150503
ST LOUIS,0,0.7,-0.356674943938732,0.622088,-0.474673717150503
ST LOUIS,0,6.4,1.85629799036563,0.622088,-0.474673717150503
ST LOUIS,0,3,1.09861228866811,0.622088,-0.474673717150503
ST LOUIS,0,2,0.693147180559945,0.622088,-0.474673717150503
ST LOUIS,0,0.9,-0.105360515657826,0.622088,-0.474673717150503
ST LOUIS,0,3.3,1.19392246847243,0.622088,-0.474673717150503
ST LOUIS,0,1.8,0.587786664902119,0.622088,-0.474673717150503
ST LOUIS,0,1.8,0.587786664902119,0.622088,-0.474673717150503
ST LOUIS,0,2.2,0.78845736036427,0.622088,-0.474673717150503
ST LOUIS,0,4.3,1.45861502269952,0.622088,-0.474673717150503
STEARNS,0,7.5,2.01490302054226,1.12344,0.116395406677788
STEARNS,0,6.4,1.85629799036563,1.12344,0.116395406677788
STEARNS,0,8.3,2.11625551480255,1.12344,0.116395406677788
STEARNS,0,2.1,0.741937344729377,1.12344,0.116395406677788
STEARNS,0,3.3,1.19392246847243,1.12344,0.116395406677788
STEARNS,0,1.3,0.262364264467491,1.12344,0.116395406677788
STEARNS,0,5,1.6094379124341,1.12344,0.116395406677788
STEARNS,1,1,0,1.12344,0.116395406677788
STEARNS,0,7,1.94591014905531,1.12344,0.116395406677788
STEARNS,0,5.7,1.7404661748405,1.12344,0.116395406677788
STEARNS,0,10.1,2.31253542384721,1.12344,0.116395406677788
STEARNS,0,6.6,1.88706964903238,1.12344,0.116395406677788
STEARNS,1,2.6,0.955511445027436,1.12344,0.116395406677788
STEARNS,0,3.3,1.19392246847243,1.12344,0.116395406677788
STEARNS,1,1.5,0.405465108108164,1.12344,0.116395406677788
STEARNS,0,5,1.6094379124341,1.12344,0.116395406677788
STEARNS,0,7.4,2.00148000021012,1.12344,0.116395406677788
STEARNS,0,14.5,2.67414864942653,1.12344,0.116395406677788
STEARNS,0,1.8,0.587786664902119,1.12344,0.116395406677788
STEARNS,0,7.4,2.00148000021012,1.12344,0.116395406677788
STEARNS,0,2.6,0.955511445027436,1.12344,0.116395406677788
STEARNS,0,3.7,1.30833281965018,1.12344,0.116395406677788
STEARNS,0,1.9,0.641853886172395,1.12344,0.116395406677788
STEARNS,1,2.2,0.78845736036427,1.12344,0.116395406677788
STEARNS,0,5,1.6094379124341,1.12344,0.116395406677788
STEELE,0,7.3,1.98787434815435,1.30971,0.269805738660408
STEELE,0,3.7,1.30833281965018,1.30971,0.269805738660408
STEELE,0,2.9,1.06471073699243,1.30971,0.269805738660408
STEELE,0,4.4,1.48160454092422,1.30971,0.269805738660408
STEELE,0,8.4,2.12823170584927,1.30971,0.269805738660408
STEELE,0,5.1,1.62924053973028,1.30971,0.269805738660408
STEELE,0,3.6,1.28093384546206,1.30971,0.269805738660408
STEELE,0,1.5,0.405465108108164,1.30971,0.269805738660408
STEELE,0,8.6,2.15176220325946,1.30971,0.269805738660408
STEELE,0,10.6,2.36085400111802,1.30971,0.269805738660408
STEVENS,0,8,2.07944154167984,1.60124,0.470778329088307
STEVENS,0,4.5,1.50407739677627,1.60124,0.470778329088307
SWIFT,0,3,1.09861228866811,1.37167,0.316028975591628
SWIFT,0,2.4,0.8754687373539,1.37167,0.316028975591628
SWIFT,0,1.5,0.405465108108164,1.37167,0.316028975591628
SWIFT,0,4.8,1.56861591791385,1.37167,0.316028975591628
TODD,0,6.8,1.91692261218206,0.95424,-0.0468400668458182
TODD,0,2.1,0.741937344729377,0.95424,-0.0468400668458182
TODD,1,6,1.79175946922805,0.95424,-0.0468400668458182
TRAVERSE,1,2.9,1.06471073699243,1.64476,0.497594476916848
TRAVERSE,0,6.7,1.90210752639692,1.64476,0.497594476916848
TRAVERSE,0,19.3,2.96010509591084,1.64476,0.497594476916848
TRAVERSE,0,4,1.38629436111989,1.64476,0.497594476916848
WABASHA,0,5.9,1.77495235091167,1.16193,0.150082415651304
WABASHA,0,9,2.19722457733622,1.16193,0.150082415651304
WABASHA,0,8.4,2.12823170584927,1.16193,0.150082415651304
WABASHA,1,1.1,0.0953101798043249,1.16193,0.150082415651304
WABASHA,0,3.1,1.1314021114911,1.16193,0.150082415651304
WABASHA,0,11.5,2.4423470353692,1.16193,0.150082415651304
WABASHA,0,9.6,2.26176309847379,1.16193,0.150082415651304
WADENA,0,2.9,1.06471073699243,0.510671,-0.672029731746026
WADENA,1,0.7,-0.356674943938732,0.510671,-0.672029731746026
WADENA,1,3.2,1.16315080980568,0.510671,-0.672029731746026
WADENA,0,4.7,1.54756250871601,0.510671,-0.672029731746026
WADENA,0,4.8,1.56861591791385,0.510671,-0.672029731746026
WASECA,0,0.4,-0.916290731874155,1.23666,0.212414197101124
WASECA,0,9.3,2.23001440015921,1.23666,0.212414197101124
WASECA,0,1.7,0.53062825106217,1.23666,0.212414197101124
WASECA,1,0.9,-0.105360515657826,1.23666,0.212414197101124
WASHINGTON,0,10.2,2.32238772029023,0.862876,-0.147484283042756
WASHINGTON,0,7.7,2.04122032885964,0.862876,-0.147484283042756
WASHINGTON,0,2.2,0.78845736036427,0.862876,-0.147484283042756
WASHINGTON,0,6.5,1.87180217690159,0.862876,-0.147484283042756
WASHINGTON,0,12.2,2.50143595173921,0.862876,-0.147484283042756
WASHINGTON,0,4.6,1.52605630349505,0.862876,-0.147484283042756
WASHINGTON,0,6.2,1.82454929205105,0.862876,-0.147484283042756
WASHINGTON,0,6.5,1.87180217690159,0.862876,-0.147484283042756
WASHINGTON,0,2.8,1.02961941718116,0.862876,-0.147484283042756
WASHINGTON,0,1.9,0.641853886172395,0.862876,-0.147484283042756
WASHINGTON,1,1.2,0.182321556793955,0.862876,-0.147484283042756
WASHINGTON,0,2.4,0.8754687373539,0.862876,-0.147484283042756
WASHINGTON,0,1,0,0.862876,-0.147484283042756
WASHINGTON,1,1.2,0.182321556793955,0.862876,-0.147484283042756
WASHINGTON,0,1.6,0.470003629245736,0.862876,-0.147484283042756
WASHINGTON,0,0.8,-0.22314355131421,0.862876,-0.147484283042756
WASHINGTON,0,1.7,0.53062825106217,0.862876,-0.147484283042756
WASHINGTON,0,4.7,1.54756250871601,0.862876,-0.147484283042756
WASHINGTON,1,1.7,0.53062825106217,0.862876,-0.147484283042756
WASHINGTON,0,3.3,1.19392246847243,0.862876,-0.147484283042756
WASHINGTON,1,0.8,-0.22314355131421,0.862876,-0.147484283042756
WASHINGTON,0,9.8,2.28238238567653,0.862876,-0.147484283042756
WASHINGTON,0,5.3,1.66770682055808,0.862876,-0.147484283042756
WASHINGTON,0,8.5,2.14006616349627,0.862876,-0.147484283042756
WASHINGTON,0,1.9,0.641853886172395,0.862876,-0.147484283042756
WASHINGTON,0,6.6,1.88706964903238,0.862876,-0.147484283042756
WASHINGTON,0,3.8,1.33500106673234,0.862876,-0.147484283042756
WASHINGTON,0,5.9,1.77495235091167,0.862876,-0.147484283042756
WASHINGTON,0,4.9,1.58923520511658,0.862876,-0.147484283042756
WASHINGTON,1,2.5,0.916290731874155,0.862876,-0.147484283042756
WASHINGTON,0,10.7,2.37024374146786,0.862876,-0.147484283042756
WASHINGTON,0,2.4,0.8754687373539,0.862876,-0.147484283042756
WASHINGTON,0,2.1,0.741937344729377,0.862876,-0.147484283042756
WASHINGTON,0,4.7,1.54756250871601,0.862876,-0.147484283042756
WASHINGTON,0,3.7,1.30833281965018,0.862876,-0.147484283042756
WASHINGTON,0,13.4,2.59525470695687,0.862876,-0.147484283042756
WASHINGTON,0,2.9,1.06471073699243,0.862876,-0.147484283042756
WASHINGTON,0,4.3,1.45861502269952,0.862876,-0.147484283042756
WASHINGTON,0,3.8,1.33500106673234,0.862876,-0.147484283042756
WASHINGTON,0,1.8,0.587786664902119,0.862876,-0.147484283042756
WASHINGTON,0,1.5,0.405465108108164,0.862876,-0.147484283042756
WASHINGTON,0,1.8,0.587786664902119,0.862876,-0.147484283042756
WASHINGTON,0,1.3,0.262364264467491,0.862876,-0.147484283042756
WASHINGTON,0,6.6,1.88706964903238,0.862876,-0.147484283042756
WASHINGTON,0,20.4,3.01553490085017,0.862876,-0.147484283042756
WASHINGTON,0,6,1.79175946922805,0.862876,-0.147484283042756
WATONWAN,0,13.8,2.62466859216316,1.2011,0.183237803578308
WATONWAN,1,10.2,2.32238772029023,1.2011,0.183237803578308
WATONWAN,1,5.7,1.7404661748405,1.2011,0.183237803578308
WILKIN,0,9.3,2.23001440015921,1.26622,0.236036084296147
WINONA,0,3.4,1.22377543162212,1.58917,0.463211867357523
WINONA,0,4.1,1.41098697371026,1.58917,0.463211867357523
WINONA,0,11.6,2.45100509811232,1.58917,0.463211867357523
WINONA,0,7.2,1.97408102602201,1.58917,0.463211867357523
WINONA,0,4.7,1.54756250871601,1.58917,0.463211867357523
WINONA,1,1.8,0.587786664902119,1.58917,0.463211867357523
WINONA,1,0.7,-0.356674943938732,1.58917,0.463211867357523
WINONA,0,4.7,1.54756250871601,1.58917,0.463211867357523
WINONA,0,10.2,2.32238772029023,1.58917,0.463211867357523
WINONA,0,11.3,2.42480272571829,1.58917,0.463211867357523
WINONA,0,7.6,2.02814824729229,1.58917,0.463211867357523
WINONA,0,11.8,2.46809953147162,1.58917,0.463211867357523
WINONA,1,0.5,-0.693147180559945,1.58917,0.463211867357523
WRIGHT,0,6.7,1.90210752639692,0.913909,-0.0900242748478867
WRIGHT,0,5.3,1.66770682055808,0.913909,-0.0900242748478867
WRIGHT,0,3.1,1.1314021114911,0.913909,-0.0900242748478867
WRIGHT,0,2.1,0.741937344729377,0.913909,-0.0900242748478867
WRIGHT,0,7.3,1.98787434815435,0.913909,-0.0900242748478867
WRIGHT,0,5.1,1.62924053973028,0.913909,-0.0900242748478867
WRIGHT,0,2.2,0.78845736036427,0.913909,-0.0900242748478867
WRIGHT,1,2.3,0.832909122935104,0.913909,-0.0900242748478867
WRIGHT,0,15.9,2.76631910922619,0.913909,-0.0900242748478867
WRIGHT,0,9.5,2.2512917986065,0.913909,-0.0900242748478867
WRIGHT,0,6.4,1.85629799036563,0.913909,-0.0900242748478867
WRIGHT,0,4.5,1.50407739677627,0.913909,-0.0900242748478867
WRIGHT,0,5,1.6094379124341,0.913909,-0.0900242748478867
YELLOW MEDICINE,0,3.7,1.30833281965018,1.42659,0.355286981163884
YELLOW MEDICINE,0,2.9,1.06471073699243,1.42659,0.355286981163884
